{
  "Altstadt-Lehel": [[48.12, 48.15], [11.55, 11.60]],
  "Ludwigsvorstadt-Isarvorstadt": [[48.12, 48.15], [11.56, 11.59]],
  "Maxvorstadt": [[48.14, 48.17], [11.55, 11.59]],
  "Schwabing-West": [[48.16, 48.19], [11.55, 11.59]],
  "Au-Haidhausen": [[48.11, 48.13], [11.58, 11.62]],
  "Sendling": [[48.10, 48.12], [11.55, 11.57]],
  "Sendling-Westpark": [[48.09, 48.11], [11.53, 11.56]],
  "Schwanthalerhöhe": [[48.12, 48.14], [11.52, 11.55]],
  "Neuhausen-Nymphenburg": [[48.15, 48.17], [11.49, 11.54]],
  "Moosach": [[48.17, 48.19], [11.48, 11.52]],
  "Milbertshofen-Am Hart": [[48.18, 48.20], [11.49, 11.54]],
  "Schwabing-Freimann": [[48.18, 48.20], [11.55, 11.60]],
  "Bogenhausen": [[48.16, 48.18], [11.60, 11.64]],
  "Berg am Laim": [[48.12, 48.15], [11.60, 11.65]],
  "Trudering-Riem": [[48.12, 48.15], [11.65, 11.70]],
  "Ramersdorf-Perlach": [[48.11, 48.13], [11.60, 11.65]],
  "Obergiesing-Fasangarten": [[48.11, 48.13], [11.58, 11.62]],
  "Untergiesing-Harlaching": [[48.11, 48.13], [11.57, 11.60]],
  "Thalkirchen-Obersendling-Forstenried-Fürstenried-Solln": [[48.10, 48.13], [11.56, 11.60]],
  "Hadern": [[48.09, 48.11], [11.52, 11.56]],
  "Pasing-Obermenzing": [[48.12, 48.15], [11.42, 11.47]],
  "Aubing-Lochhausen-Langwied": [[48.12, 48.15], [11.37, 11.42]],
  "Allach-Untermenzing": [[48.18, 48.20], [11.41, 11.45]],
  "Feldmoching-Hasenbergl": [[48.22, 48.25], [11.45, 11.50]],
  "Laim": [[48.12, 48.15], [11.51, 11.55]]
}
